CustomerID,Name,Address,Email,Phone,DateOfBirth,AccountType,Balance,LoanAmount,Income
1,John Doe,123 Elm St,johndoe@example.com,555-1234,15-05-1980,Savings,10000,5000,100000
2,Jane Smith,456 Oak St,janesmith@example.com,555-5678,20-08-1975,Checking,15000,3000,500000
3,Michael Brown,789 Pine St,michaelbrown@example.com,555-8765,10-11-1990,Savings,5000,0,250000000
4,Linda White,101 Maple St,lindawhite@example.com,555-4321,28-02-1985,Checking,12000,2000,3537000
5, Doe John,123 Elm St,johndoe@example.com,555-1234,15-05-1980,Savings,10000,5000,43000000
6,Smith Jane ,456 Oak St,janesmith@example.com,555-5678,20-08-1975,Checking,15000,3000,340000000
7,BrownMichael ,789 Pine St,michaelbrown@example.com,555-8765,10-11-1990,Savings,5000,0,50000000
8,White Linda ,101 Maple St,lindawhite@example.com,555-4321,28-02-1985,Checking,12000,2000,100000
9,John Doe1,123 Elm St,johndoe@example.com,555-1234,15-05-1980,Savings,10000,5000,500000
10,Jane Smith1,456 Oak St,janesmith@example.com,555-5678,20-08-1975,Checking,15000,3000,250000000
11,Michael Brown1,789 Pine St,michaelbrown@example.com,555-8765,10-11-1990,Savings,5000,0,3537000
12,Linda White1,101 Maple St,lindawhite@example.com,555-4321,28-02-1985,Checking,12000,2000,43000000
13,John Doe2,123 Elm St,johndoe@example.com,555-1234,15-05-1980,Savings,10000,5000,340000000
14,Jane Smith2,456 Oak St,janesmith@example.com,555-5678,20-08-1975,Checking,15000,3000,50000000
15,Michael Brown15,789 Pine St,michaelbrown@example.com,555-8765,10-11-1990,Savings,5000,0,100000
16,Linda White16,101 Maple St,lindawhite@example.com,555-4321,28-02-1985,Checking,12000,2000,500000
17,John Doe17,123 Elm St,johndoe@example.com,555-1234,15-05-1980,Savings,10000,5000,250000000
18,Jane Smith18,456 Oak St,janesmith@example.com,555-5678,20-08-1975,Checking,15000,3000,3537000
19,Michael Brown19,789 Pine St,michaelbrown@example.com,555-8765,10-11-1990,Savings,5000,0,43000000
20,Linda White,101 Maple St,lindawhite@example.com,555-4321,28-02-1985,Checking,12000,2000,340000000
21,John Doe,123 Elm St,johndoe@example.com,555-1234,15-05-1980,Savings,10000,5000,50000000
22,Jane Smith,456 Oak St,janesmith@example.com,555-5678,20-08-1975,Checking,15000,3000,100000
23,Michael Brown,789 Pine St,michaelbrown@example.com,555-8765,10-11-1990,Savings,5000,0,500000
24,Linda White,101 Maple St,lindawhite@example.com,555-4321,28-02-1985,Checking,12000,2000,250000000
25,John Doe,123 Elm St,johndoe@example.com,555-1234,15-05-1980,Savings,10000,5000,3537000
26,Jane Smith,456 Oak St,janesmith@example.com,555-5678,20-08-1975,Checking,15000,3000,43000000
27,Michael Brown,789 Pine St,michaelbrown@example.com,555-8765,10-11-1990,Savings,5000,0,340000000
28,Linda White,101 Maple St,lindawhite@example.com,555-4321,28-02-1985,Checking,12000,2000,50000000
29,John Doe,123 Elm St,johndoe@example.com,555-1234,15-05-1980,Savings,10000,5000,100000
30,Jane Smith,456 Oak St,janesmith@example.com,555-5678,20-08-1975,Checking,15000,3000,500000
31,Michael Brown,789 Pine St,michaelbrown@example.com,555-8765,10-11-1990,Savings,5000,0,250000000
32,Linda White,101 Maple St,lindawhite@example.com,555-4321,28-02-1985,Checking,12000,2000,3537000
33,John Doe,123 Elm St,johndoe@example.com,555-1234,15-05-1980,Savings,10000,5000,43000000
34,Jane Smith,456 Oak St,janesmith@example.com,555-5678,20-08-1975,Checking,15000,3000,340000000
35,Michael Brown,789 Pine St,michaelbrown@example.com,555-8765,10-11-1990,Savings,5000,0,50000000
36,Linda White,101 Maple St,lindawhite@example.com,555-4321,28-02-1985,Checking,12000,2000,100000
37,John Doe,123 Elm St,johndoe@example.com,555-1234,15-05-1980,Savings,10000,5000,500000
38,Jane Smith,456 Oak St,janesmith@example.com,555-5678,20-08-1975,Checking,15000,3000,250000000
39,Michael Brown,789 Pine St,michaelbrown@example.com,555-8765,10-11-1990,Savings,5000,0,3537000
40,Linda White,101 Maple St,lindawhite@example.com,555-4321,28-02-1985,Checking,12000,2000,43000000
41,John Doe,123 Elm St,johndoe@example.com,555-1234,15-05-1980,Savings,10000,5000,340000000
42,Jane Smith,456 Oak St,janesmith@example.com,555-5678,20-08-1975,Checking,15000,3000,50000000
43,Michael Brown,789 Pine St,michaelbrown@example.com,555-8765,10-11-1990,Savings,5000,0,100000
44,Linda White,101 Maple St,lindawhite@example.com,555-4321,28-02-1985,Checking,12000,2000,500000
45,John Doe,123 Elm St,johndoe@example.com,555-1234,15-05-1980,Savings,10000,5000,250000000
46,Jane Smith,456 Oak St,janesmith@example.com,555-5678,20-08-1975,Checking,15000,3000,3537000
47,Michael Brown,789 Pine St,michaelbrown@example.com,555-8765,10-11-1990,Savings,5000,0,43000000
48,Linda White,101 Maple St,lindawhite@example.com,555-4321,28-02-1985,Checking,12000,2000,340000000
49,Brooke Gray,1 Microsoft Way,brookeg@contosoroboticsusa20.onmicrosoft.com,555-1234,15-05-1980,Savings,10000,5000,50000000
50,Connie Miller,1 Microsoft Way,conniem@contosoroboticsusa20.onmicrosoft.com,555-5678,20-08-1975,Checking,15000,3000,100000
51,Jacob Hancock,1 Microsoft Way,jacobh@contosoroboticsusa20.onmicrosoft.com,555-8765,10-11-1990,Savings,5000,0,500000
52,Jessica Liu,1 Microsoft Way,jessical@contosoroboticsusa20.onmicrosoft.com,555-4321,28-02-1985,Checking,12000,2000,250000000
53,Mario Rogers,1 Microsoft Way,marior@contosoroboticsusa20.onmicrosoft.com,555-1234,15-05-1980,Savings,10000,5000,3537000
54,Molly Clark,1 Microsoft Way,mollyc@contosoroboticsusa20.onmicrosoft.com,555-5678,20-08-1975,Checking,15000,3000,43000000
55,Peter McLean,1 Microsoft Way,peterm@contosoroboticsusa20.onmicrosoft.com,555-8765,10-11-1990,Savings,5000,0,340000000
56,Sanjay Shah,1 Microsoft Way,sanjays@contosoroboticsusa20.onmicrosoft.com,555-4321,28-02-1985,Checking,12000,2000,50000000
57,Sara Perez,1 Microsoft Way,sarap@contosoroboticsusa20.onmicrosoft.com,555-1234,15-05-1980,Savings,10000,5000,100000
58,Spencer Low,1 Microsoft Way,spencerl@contosoroboticsusa20.onmicrosoft.com,555-5678,20-08-1975,Checking,15000,3000,500000
59,Veronica Quek,1 Microsoft Way,veronicaqc@contosoroboticsusa20.onmicrosoft.com,555-8765,10-11-1990,Savings,5000,0,250000000
60,"Nicola	Gill	",nicola.gill@tftftf.co,,555-4321,28-02-1985,Checking,12000,2000,3537000
61,"Penelope Gibson	",penelope.gibson@tftftf.co,,555-4321,15-05-1980,Savings,10000,5000,43000000
62,"Thomas	Coleman	",thomas.coleman@tftftf.co,,555-4321,20-08-1975,Checking,15000,3000,340000000
63,"Simon	Slater	",simon.slater@tftftf.co,,555-4321,10-11-1990,Savings,5000,0,50000000
64,"Wanda	Poole	",wanda.poole@tftftf.co,,555-4321,28-02-1985,Checking,12000,2000,100000
65,"Owen	Walker	",owen.walker@tftftf.co,,555-4321,15-05-1980,Savings,10000,5000,500000
66,"Ian	Davies	",ian.davies@tftftf.co,,555-4321,20-08-1975,Checking,15000,3000,250000000
67,"Paul	Nash	",paul.nash@tftftf.co,,555-4321,10-11-1990,Savings,5000,0,3537000
68,"Ian	MacDonald	",ian.macdonald@tftftf.co,,555-4321,28-02-1985,Checking,12000,2000,43000000
69,"David	Thomson	",david.thomson@tftftf.co,,555-4321,15-05-1980,Savings,10000,5000,340000000
70,"Carl	Johnston	",carl.johnston@tftftf.co,,555-4321,20-08-1975,Checking,15000,3000,50000000
71,"Thomas	White	",thomas.white@tftftf.co,,555-4321,10-11-1990,Savings,5000,0,100000
72,"Heather	Baker	",heather.baker@tftftf.co,,555-4321,28-02-1985,Checking,12000,2000,500000
73,"Grace	Gibson	",grace.gibson@tftftf.co,,555-4321,15-05-1980,Savings,10000,5000,250000000
74,"Fiona	Dowd	",fiona.dowd@tftftf.co,,555-4321,20-08-1975,Checking,15000,3000,3537000
75,"Hannah	Springer	",hannah.springer@tftftf.co,,555-4321,10-11-1990,Savings,5000,0,43000000
76,"Lauren	Blake	",lauren.blake@tftftf.co,,555-4321,28-02-1985,Checking,12000,2000,340000000
77,"Evan	Langdon	",evan.langdon@tftftf.co,,555-4321,15-05-1980,Savings,10000,5000,50000000
78,"Christopher	Mathis	",christopher.mathis@tftftf.co,,555-4321,20-08-1975,Checking,15000,3000,100000
79,"Victor	Henderson	",victor.henderson@tftftf.co,,555-4321,10-11-1990,Savings,5000,0,500000
80,"Emily	Abraham	",emily.abraham@tftftf.co,,555-4321,28-02-1985,Checking,12000,2000,250000000
81,"Michael	Reid	",michael.reid@tftftf.co,,555-4321,15-05-1980,Savings,10000,5000,3537000
82,"Matt	MacLeod	",matt.macleod@tftftf.co,,555-4321,20-08-1975,Checking,15000,3000,43000000
83,"Mary	Pullman",mary.pullman@tftftf.co,,555-4321,10-11-1990,Savings,5000,0,340000000
84,"Victoria	Murray	",victoria.murray@tftftf.co,,555-4321,28-02-1985,Checking,12000,2000,50000000
85,"Rebecca	Dickens",rebecca.dickens@tftftf.co,,555-4321,15-05-1980,Savings,10000,5000,100000
86,"Oliver	Clarkson	",oliver.clarkson@tftftf.co,,555-4321,20-08-1975,Checking,15000,3000,500000
87,"Brandon	Brown	",brandon.brown@tftftf.co,,555-4321,10-11-1990,Savings,5000,0,250000000
88,"Ryan	Arnold	",ryan.arnold@tftftf.co,,555-4321,28-02-1985,Checking,12000,2000,3537000
89,"Jan	Oliver	",jan.oliver@tftftf.co,,555-4321,15-05-1980,Savings,10000,5000,43000000
90,"Kevin	Mackenzie	",kevin.mackenzie@tftftf.co,,555-4321,20-08-1975,Checking,15000,3000,340000000
91,"Madeleine	Avery	",madeleine.avery@tftftf.co,,555-4321,10-11-1990,Savings,5000,0,50000000
92,"Wanda	Rutherford	",wanda.rutherford@tftftf.co,,555-4321,28-02-1985,Checking,12000,2000,100000
93,"Rose	Dyer	",rose.dyer@tftftf.co,,555-4321,15-05-1980,Savings,10000,5000,500000
94,"Karen	Slater	",karen.slater@tftftf.co,,555-4321,20-08-1975,Checking,15000,3000,250000000
95,"Samantha	Morrison	",samantha.morrison@tftftf.co,,555-4321,10-11-1990,Savings,5000,0,3537000
96,"Liam	James	",liam.james@tftftf.co,,555-4321,28-02-1985,Checking,12000,2000,43000000
97,"Kimberly	Scott	",kimberly.scott@tftftf.co,,555-4321,15-05-1980,Savings,10000,5000,340000000
98,"Fiona	Graham	",fiona.graham@tftftf.co,,555-4321,20-08-1975,Checking,15000,3000,50000000
99,"Evan	Morgan	",evan.morgan@tftftf.co,,555-4321,10-11-1990,Savings,5000,0,100000
100,"Gordon	Terry	",gordon.terry@tftftf.co,,555-4321,28-02-1985,Checking,12000,2000,500000
101,"Felicity	Anderson	",felicity.anderson@tftftf.co,,555-4321,15-05-1980,Savings,10000,5000,250000000
102,"Amelia	Mills	",amelia.mills@tftftf.co,,555-4321,20-08-1975,Checking,15000,3000,3537000
103,"Austin	Alsop	",austin.alsop@tftftf.co,,555-4321,10-11-1990,Savings,5000,0,43000000
104,"Emma	Randall	",emma.randall@tftftf.co,,555-4321,28-02-1985,Checking,12000,2000,340000000
105,"John	Edmunds	",john.edmunds@tftftf.co,,555-4321,15-05-1980,Savings,10000,5000,50000000
106,"Leah	Churchill	",leah.churchill@tftftf.co,,555-4321,20-08-1975,Checking,15000,3000,100000
107,"Diane	Reid	",diane.reid@tftftf.co,,555-4321,10-11-1990,Savings,5000,0,500000
108,"Madeleine	Dowd	",madeleine.dowd@tftftf.co,,555-4321,28-02-1985,Checking,12000,2000,250000000
109,"Sally	Wilson	",sally.wilson@tftftf.co,,555-4321,15-05-1980,Savings,10000,5000,3537000
110,"Virginia	Howard	",virginia.howard@tftftf.co,,555-4321,20-08-1975,Checking,15000,3000,43000000
111,"Christian	Powell	",christian.powell@tftftf.co,,555-4321,10-11-1990,Savings,5000,0,340000000
112,"Brian	Mackenzie	",brian.mackenzie@tftftf.co,,555-4321,28-02-1985,Checking,12000,2000,50000000
113,"Sonia	McLean	",sonia.mclean@tftftf.co,,555-4321,15-05-1980,Savings,10000,5000,100000
114,"Nicola	Burgess	",nicola.burgess@tftftf.co,,555-4321,20-08-1975,Checking,15000,3000,500000
115,"Samantha	Terry	",samantha.terry@tftftf.co,,555-4321,10-11-1990,Savings,5000,0,250000000
116,"Julia	Paterson	",julia.paterson@tftftf.co,,555-4321,28-02-1985,Checking,12000,2000,3537000
117,"Emily	Thomson	",emily.thomson@tftftf.co,,555-4321,15-05-1980,Savings,10000,5000,43000000
118,"Jane	Morgan	",jane.morgan@tftftf.co,,555-4321,20-08-1975,Checking,15000,3000,340000000
119,"Audrey	Underwood	",audrey.underwood@tftftf.co,,555-4321,10-11-1990,Savings,5000,0,50000000
120,"Dominic	Kelly	",dominic.kelly@tftftf.co,,555-4321,28-02-1985,Checking,12000,2000,100000
121,"Oliver	Morgan	",oliver.morgan@tftftf.co,,555-4321,15-05-1980,Savings,10000,5000,500000
122,"Mary	Hughes	",mary.hughes@tftftf.co,,555-4321,20-08-1975,Checking,15000,3000,250000000
123,"Tim	Simpson	",tim.simpson@tftftf.co,,555-4321,10-11-1990,Savings,5000,0,3537000
124,"Karen	Greene	",karen.greene@tftftf.co,,555-4321,28-02-1985,Checking,12000,2000,43000000
125,"Felicity	Jones	",felicity.jones@tftftf.co,,555-4321,15-05-1980,Savings,10000,5000,340000000
126,"Theresa	Paige	",theresa.paige@tftftf.co,,555-4321,20-08-1975,Checking,15000,3000,50000000
127,"Alexander	Arnold	",alexander.arnold@tftftf.co,,555-4321,10-11-1990,Savings,5000,0,100000
128,"Jake	Cameron	",jake.cameron@tftftf.co,,555-4321,28-02-1985,Checking,12000,2000,500000
129,"Felicity	Roberts",felicity.roberts@tftftf.co,,555-4321,15-05-1980,Savings,10000,5000,250000000
130,"Brandon	Springer	",brandon.springer@tftftf.co,,555-4321,20-08-1975,Checking,15000,3000,3537000
131,"Jane	Lewis	",jane.lewis@tftftf.co,,555-4321,10-11-1990,Savings,5000,0,43000000
132,"Jake	Ogden	",jake.ogden@tftftf.co,,555-4321,28-02-1985,Checking,12000,2000,340000000
133,"Deirdre	Newman	",deirdre.newman@tftftf.co,,555-4321,15-05-1980,Savings,10000,5000,50000000
134,"Fiona	Hudson	",fiona.hudson@tftftf.co,,555-4321,20-08-1975,Checking,15000,3000,100000
135,"Sean	Gibson	",sean.gibson@tftftf.co,,555-4321,10-11-1990,Savings,5000,0,500000
136,"Fiona	Mackenzie	",fiona.mackenzie@tftftf.co,,555-4321,28-02-1985,Checking,12000,2000,250000000
137,"John	North	",john.north@tftftf.co,,555-4321,15-05-1980,Savings,10000,5000,3537000
138,"Fiona	Paige	",fiona.paige@tftftf.co,,555-4321,20-08-1975,Checking,15000,3000,43000000
139,"Lisa	Forsyth	",lisa.forsyth@tftftf.co,,555-4321,10-11-1990,Savings,5000,0,340000000
140,"Sean	Hodges	",sean.hodges@tftftf.co,,555-4321,28-02-1985,Checking,12000,2000,50000000
141,"Leonard	Lee	",leonard.lee@tftftf.co,,555-4321,15-05-1980,Savings,10000,5000,100000
142,"Victor	MacLeod	",victor.macleod@tftftf.co,,555-4321,20-08-1975,Checking,15000,3000,500000
143,"Madeleine	Burgess",madeleine.burgess@tftftf.co,,555-4321,10-11-1990,Savings,5000,0,250000000
144,"Donna	Hart	",donna.hart@tftftf.co,,555-4321,28-02-1985,Checking,12000,2000,3537000
145,"Amelia	Kelly	",amelia.kelly@tftftf.co,,555-4321,15-05-1980,Savings,10000,5000,43000000
146,"Faith	Murray	",faith.murray@tftftf.co,,555-4321,20-08-1975,Checking,15000,3000,340000000
147,"Nicola	May	",nicola.may@tftftf.co,,555-4321,10-11-1990,Savings,5000,0,50000000
148,"Joshua	Parr	",joshua.parr@tftftf.co,,555-4321,28-02-1985,Checking,12000,2000,100000
149,"Vanessa	Gray	",vanessa.gray@tftftf.co,,555-4321,15-05-1980,Savings,10000,5000,500000
150,"Kimberly	Hardacre	",kimberly.hardacre@tftftf.co,,555-4321,20-08-1975,Checking,15000,3000,250000000
151,"Bella	Rutherford	",bella.rutherford@tftftf.co,,555-4321,10-11-1990,Savings,5000,0,3537000
152,"Jake	Paterson	",jake.paterson@tftftf.co,,555-4321,28-02-1985,Checking,12000,2000,43000000
153,"James	Lewis	",james.lewis@tftftf.co,,555-4321,15-05-1980,Savings,10000,5000,340000000
154,"Julia	Pullman",julia.pullman@tftftf.co,,555-4321,20-08-1975,Checking,15000,3000,50000000
155,"Jane	Hamilton	",jane.hamilton@tftftf.co,,555-4321,10-11-1990,Savings,5000,0,100000
156,"Angela	Terry	",angela.terry@tftftf.co,,555-4321,28-02-1985,Checking,12000,2000,500000
157,"Adam	Harris	",adam.harris@tftftf.co,,555-4321,15-05-1980,Savings,10000,5000,250000000
158,"Alan	Wilkins	",alan.wilkins@tftftf.co,,555-4321,20-08-1975,Checking,15000,3000,3537000
159,"Isaac	Sharp	",isaac.sharp@tftftf.co,,555-4321,10-11-1990,Savings,5000,0,43000000
160,"Megan	Lambert	",megan.lambert@tftftf.co,,555-4321,28-02-1985,Checking,12000,2000,340000000
161,"Connor	Ross	",connor.ross@tftftf.co,,555-4321,15-05-1980,Savings,10000,5000,50000000
162,"Claire	Rampling	",claire.rampling@tftftf.co,,555-4321,20-08-1975,Checking,15000,3000,100000
163,"Jake	Lyman	",jake.lyman@tftftf.co,,555-4321,10-11-1990,Savings,5000,0,500000
164,"Gavin	Terry	",gavin.terry@tftftf.co,,555-4321,28-02-1985,Checking,12000,2000,250000000
165,"Joan	Dickens",joan.dickens@tftftf.co,,555-4321,15-05-1980,Savings,10000,5000,3537000
166,"Adrian	Burgess	",adrian.burgess@tftftf.co,,555-4321,20-08-1975,Checking,15000,3000,43000000
167,"Angela	Lambert	",angela.lambert@tftftf.co,,555-4321,10-11-1990,Savings,5000,0,340000000
168,"Natalie	Turner	",natalie.turner@tftftf.co,,555-4321,28-02-1985,Checking,12000,2000,50000000
169,"John	Lee	",john.lee@tftftf.co,,555-4321,15-05-1980,Savings,10000,5000,100000
170,"Carl	Metcalfe	",carl.metcalfe@tftftf.co,,555-4321,20-08-1975,Checking,15000,3000,500000
171,"Ryan	Mathis	",ryan.mathis@tftftf.co,,555-4321,10-11-1990,Savings,5000,0,250000000
172,"Trevor	North	",trevor.north@tftftf.co,,555-4321,28-02-1985,Checking,12000,2000,3537000
173,"Dylan	Jones	",dylan.jones@tftftf.co,,555-4321,15-05-1980,Savings,10000,5000,43000000
174,"Deirdre	Harris	",deirdre.harris@tftftf.co,,555-4321,20-08-1975,Checking,15000,3000,340000000
175,"Blake	Ferguson	",blake.ferguson@tftftf.co,,555-4321,10-11-1990,Savings,5000,0,50000000
176,"Theresa	Black	",theresa.black@tftftf.co,,555-4321,28-02-1985,Checking,12000,2000,100000
177,"Isaac	Hart	",isaac.hart@tftftf.co,,555-4321,15-05-1980,Savings,10000,5000,500000
178,"Yvonne	Smith	f.co",yvonne.smith@tftft.co,,555-4321,20-08-1975,Checking,15000,3000,250000000
179,"Megan	Watson	",megan.watson@tftftf.co,,555-4321,10-11-1990,Savings,5000,0,3537000
180,"Rachel	Paterson	",rachel.paterson@tftftf.co,,555-4321,28-02-1985,Checking,12000,2000,43000000
181,"Colin	Tucker	",colin.tucker@tftftf.co,,555-4321,15-05-1980,Savings,10000,5000,340000000
182,"Adrian	Parr	",adrian.parr@tftftf.co,,555-4321,20-08-1975,Checking,15000,3000,50000000
183,"Amanda	Lawrence	",amanda.lawrence@tftftf.co,,555-4321,10-11-1990,Savings,5000,0,100000
184,"Kimberly	Howard	",kimberly.howard@tftftf.co,,555-4321,28-02-1985,Checking,12000,2000,500000
185,"Owen	Fraser	",owen.fraser@tftftf.co,,555-4321,15-05-1980,Savings,10000,5000,250000000
186,"Mary	Johnston	",mary.johnston@tftftf.co,,555-4321,20-08-1975,Checking,15000,3000,3537000
187,"James	Piper	",james.piper@tftftf.co,,555-4321,10-11-1990,Savings,5000,0,43000000
188,"Irene	Nolan	",irene.nolan@tftftf.co,,555-4321,28-02-1985,Checking,12000,2000,340000000
189,"Ian	Jones	",ian.jones@tftftf.co,,555-4321,15-05-1980,Savings,10000,5000,50000000
190,"Stewart	Cameron	",stewart.cameron@tftftf.co,,555-4321,20-08-1975,Checking,15000,3000,100000
191,"Nicola	Piper	",nicola.piper@tftftf.co,,555-4321,10-11-1990,Savings,5000,0,500000
192,John Allan,john.allan@tftftf.co,,555-4321,28-02-1985,Checking,12000,2000,250000000
193,"Eric	Sharp",eric.sharp@tftftf.co,,555-4321,15-05-1980,Savings,10000,5000,3537000
194,"Amelia	Rutherford	",amelia.rutherford@tftftf.co,,555-4321,20-08-1975,Checking,15000,3000,43000000
195,"Melanie	Simpson	",melanie.simpson@tftftf.co,,555-4321,10-11-1990,Savings,5000,0,340000000
196,"Samantha	Peake	",samantha.peake@tftftf.co,,555-4321,28-02-1985,Checking,12000,2000,50000000
197,"Olivia	Davies	",olivia.davies@tftftf.co,,555-4321,15-05-1980,Savings,10000,5000,100000
198,"Amanda	Churchill	",amanda.churchill@tftftf.co,,555-4321,20-08-1975,Checking,15000,3000,500000
199,"Lucas	Grant	",lucas.grant@tftftf.co,,555-4321,10-11-1990,Savings,5000,0,250000000
200,"Lily	Marshall	",lily.marshall@tftftf.co,,555-4321,28-02-1985,Checking,12000,2000,3537000
201,"Keith	Peters	",keith.peters@tftftf.co,,555-4321,15-05-1980,Savings,10000,5000,43000000
202,"Joan	Quinn	",joan.quinn@tftftf.co,,555-4321,20-08-1975,Checking,15000,3000,340000000
203,"Colin	Smith	",colin.smith@tftftf.co,,555-4321,10-11-1990,Savings,5000,0,50000000
204,"Melanie	Campbell	",melanie.campbell@tftftf.co,,555-4321,28-02-1985,Checking,12000,2000,100000
205,"John	Glover	",john.glover@tftftf.co,,555-4321,15-05-1980,Savings,10000,5000,500000
206,"Natalie	Clark	",natalie.clark@tftftf.co,,555-4321,20-08-1975,Checking,15000,3000,250000000
207,"Jessica	Sharp	",jessica.sharp@tftftf.co,,555-4321,10-11-1990,Savings,5000,0,3537000
208,"Diana	Harris	",diana.harris@tftftf.co,,555-4321,28-02-1985,Checking,12000,2000,43000000
209,"Yvonne	Ferguson	",yvonne.ferguson@tftftf.co,,555-4321,15-05-1980,Savings,10000,5000,340000000
210,"Boris	Parsons	",boris.parsons@tftftf.co,,555-4321,20-08-1975,Checking,15000,3000,50000000
211,"Adam	Grant	",adam.grant@tftftf.co,,555-4321,10-11-1990,Savings,5000,0,100000
212,"Theresa	Scott	",theresa.scott@tftftf.co,,555-4321,28-02-1985,Checking,12000,2000,500000
213,"Richard	Churchill	",richard.churchill@tftftf.co,,555-4321,15-05-1980,Savings,10000,5000,250000000
214,"Sarah	Young	",sarah.young@tftftf.co,,555-4321,20-08-1975,Checking,15000,3000,3537000
215,"Michelle	Ogden	",michelle.ogden@tftftf.co,,555-4321,10-11-1990,Savings,5000,0,43000000
216,"Piers	Bower	",piers.bower@tftftf.co,,555-4321,28-02-1985,Checking,12000,2000,340000000
217,"Luke	Vance	",luke.vance@tftftf.co,,555-4321,15-05-1980,Savings,10000,5000,50000000
218,"Julia	Gibson",julia.gibson@tftftf.co,,555-4321,20-08-1975,Checking,15000,3000,100000
219,"Evan	Ellison	",evan.ellison@tftftf.co,,555-4321,10-11-1990,Savings,5000,0,500000
220,"Carolyn	Ogden	",carolyn.ogden@tftftf.co,,555-4321,28-02-1985,Checking,12000,2000,250000000
221,"Amy	Clarkson	",amy.clarkson@tftftf.co,,555-4321,15-05-1980,Savings,10000,5000,3537000
222,"John	Langdon	",john.langdon@tftftf.co,,555-4321,20-08-1975,Checking,15000,3000,43000000
223,"Sean	James	",sean.james@tftftf.co,,555-4321,10-11-1990,Savings,5000,0,340000000
224,"Bernadette	Hodges",bernadette.hodges@tftftf.co,,555-4321,28-02-1985,Checking,12000,2000,50000000
225,"Michael	Slater	",michael.slater@tftftf.co,,555-4321,15-05-1980,Savings,10000,5000,100000
226,"Boris	Springer	",boris.springer@tftftf.co,,555-4321,20-08-1975,Checking,15000,3000,500000
227,"Jessica	Quinn	",jessica.quinn@tftftf.co,,555-4321,10-11-1990,Savings,5000,0,250000000
228,"Julian	Clark	",julian.clark@tftftf.co,,555-4321,28-02-1985,Checking,12000,2000,3537000
229,"Joshua	Blake	",joshua.blake@tftftf.co,,555-4321,15-05-1980,Savings,10000,5000,43000000
230,"Hannah	Skinner	",hannah.skinner@tftftf.co,,555-4321,20-08-1975,Checking,15000,3000,340000000
231,"Edward	MacDonald	",edward.macdonald@tftftf.co,,555-4321,10-11-1990,Savings,5000,0,50000000
232,"Diane	Young	",diane.young@tftftf.co,,555-4321,28-02-1985,Checking,12000,2000,100000
233,"Ryan	Glover	",ryan.glover@tftftf.co,,555-4321,15-05-1980,Savings,10000,5000,500000
234,"Phil	Young	",phil.young@tftftf.co,,555-4321,20-08-1975,Checking,15000,3000,250000000
235,"Cameron	Ince	",cameron.ince@tftftf.co,,555-4321,10-11-1990,Savings,5000,0,3537000
236,"Neil	Wallace	",neil.wallace@tftftf.co,,555-4321,28-02-1985,Checking,12000,2000,43000000
237,"Rose	Manning	",rose.manning@tftftf.co,,555-4321,15-05-1980,Savings,10000,5000,340000000
238,"Grace	Hemmings	",grace.hemmings@tftftf.co,,555-4321,20-08-1975,Checking,15000,3000,50000000
239,"Keith	McGrath	",keith.mcgrath@tftftf.co,,555-4321,10-11-1990,Savings,5000,0,100000
240,"Joseph	Parsons",joseph.parsons@tftftf.co,,555-4321,28-02-1985,Checking,12000,2000,500000
241,"Stephen	Cameron	",stephen.cameron@tftftf.co,,555-4321,15-05-1980,Savings,10000,5000,250000000
242,"Deirdre	Walker	",deirdre.walker@tftftf.co,,555-4321,20-08-1975,Checking,15000,3000,3537000
243,"Benjamin	Scott	",benjamin.scott@tftftf.co,,555-4321,10-11-1990,Savings,5000,0,43000000
244,"Maria	Chapman	",maria.chapman@tftftf.co,,555-4321,28-02-1985,Checking,12000,2000,340000000
245,"Diana	Martin	",diana.martin@tftftf.co,,555-4321,15-05-1980,Savings,10000,5000,50000000
246,"Virginia	Nash	",virginia.nash@tftftf.co,,555-4321,20-08-1975,Checking,15000,3000,100000
247,"Sue	Ball	",sue.ball@tftftf.co,,555-4321,10-11-1990,Savings,5000,0,500000
248,"Isaac	Kerr	",isaac.kerr@tftftf.co,,555-4321,28-02-1985,Checking,12000,2000,250000000
249,"David	Johnston	",david.johnston@tftftf.co,,555-4321,15-05-1980,Savings,10000,5000,3537000
250,"Kevin	Campbell	",kevin.campbell@tftftf.co,,555-4321,20-08-1975,Checking,15000,3000,43000000
251,"Irene	Buckland	",irene.buckland@tftftf.co,,555-4321,10-11-1990,Savings,5000,0,340000000
252,"Bella	Anderson	",bella.anderson@tftftf.co,,555-4321,28-02-1985,Checking,12000,2000,50000000
253,"Lucas	Avery	",lucas.avery@tftftf.co,,555-4321,15-05-1980,Savings,10000,5000,100000
254,"Owen	Harris	",owen.harris@tftftf.co,,555-4321,20-08-1975,Checking,15000,3000,500000
255,"Luke	North	",luke.north@tftftf.co,,555-4321,10-11-1990,Savings,5000,0,250000000
256,"Sebastian	Burgess	",sebastian.burgess@tftftf.co,,555-4321,28-02-1985,Checking,12000,2000,3537000
257,"Isaac	Simpson	",isaac.simpson@tftftf.co,,555-4321,15-05-1980,Savings,10000,5000,43000000
258,"Simon	Reid	",simon.reid@tftftf.co,,555-4321,20-08-1975,Checking,15000,3000,340000000
259,"Charles	Jones	",charles.jones@tftftf.co,,555-4321,10-11-1990,Savings,5000,0,50000000
260,"Diane	Hunter	",diane.hunter@tftftf.co,,555-4321,28-02-1985,Checking,12000,2000,100000
261,"Jonathan	Harris	",jonathan.harris@tftftf.co,,555-4321,15-05-1980,Savings,10000,5000,500000
262,"Alexandra	MacLeod	",alexandra.macleod@tftftf.co,,555-4321,20-08-1975,Checking,15000,3000,250000000
263,"Warren	Ross	",warren.ross@tftftf.co,,555-4321,10-11-1990,Savings,5000,0,3537000
264,"Stephen	Taylor	",stephen.taylor@tftftf.co,,555-4321,28-02-1985,Checking,12000,2000,43000000
265,"Felicity	Davies	",felicity.davies@tftftf.co,,555-4321,15-05-1980,Savings,10000,5000,340000000
266,"Julia	Cornish	",julia.cornish@tftftf.co,,555-4321,20-08-1975,Checking,15000,3000,50000000
267,"Yvonne	Jackson",yvonne.jackson@tftftf.co,,555-4321,10-11-1990,Savings,5000,0,100000
268,"Peter	Chapman	",peter.chapman@tftftf.co,,555-4321,28-02-1985,Checking,12000,2000,500000
269,"Rebecca	Nash	",rebecca.nash@tftftf.co,,555-4321,15-05-1980,Savings,10000,5000,250000000
270,"Christian	Dyer	",christian.dyer@tftftf.co,,555-4321,20-08-1975,Checking,15000,3000,3537000
271,"Dan	Duncan	",dan.duncan@tftftf.co,,555-4321,10-11-1990,Savings,5000,0,43000000
272,"Victor	Pullman	",victor.pullman@tftftf.co,,555-4321,28-02-1985,Checking,12000,2000,340000000
273,"Claire	Watson	",claire.watson@tftftf.co,,555-4321,15-05-1980,Savings,10000,5000,50000000
274,"Peter	Lambert	",peter.lambert@tftftf.co,,555-4321,20-08-1975,Checking,15000,3000,100000
275,"Dominic	Poole	",dominic.poole@tftftf.co,,555-4321,10-11-1990,Savings,5000,0,500000
276,"Owen	Robertson	",owen.robertson@tftftf.co,,555-4321,28-02-1985,Checking,12000,2000,250000000
277,"Bella	MacLeod	",bella.macleod@tftftf.co,,555-4323,15-05-1980,Savings,10000,5000,3537000
278,"Evan	Vance	",evan.vance@tftftf.co,,555-4321,20-08-1975,Checking,15000,3000,43000000
279,"Joan	James	",joan.james@tftftf.co,,555-4321,10-11-1990,Savings,5000,0,340000000
280,"Lisa	Allan	",lisa.allan@tftftf.co,,555-4321,28-02-1985,Checking,12000,2000,50000000
281,"Nicholas	Powell	",nicholas.powell@tftftf.co,,555-4321,15-05-1980,Savings,10000,5000,100000
282,"Faith	Stewart	",faith.stewart@tftftf.co,,555-4321,20-08-1975,Checking,15000,3000,500000
283,"Amanda	May	",amanda.may@tftftf.co,,555-4321,10-11-1990,Savings,5000,0,250000000
284,"Abigail	Skinner	",abigail.skinner@tftftf.co,,555-4321,28-02-1985,Checking,12000,2000,3537000
285,"Michelle	Lewis	",michelle.lewis@tftftf.co,,555-4321,15-05-1980,Savings,10000,5000,43000000
286,"Madeleine	Bell	",madeleine.bell@tftftf.co,,555-4321,20-08-1975,Checking,15000,3000,340000000
287,"Sebastian	Bower	",sebastian.bower@tftftf.co,,555-4321,10-11-1990,Savings,5000,0,50000000
288,"Pippa	Jones","	pippa.jones@tftftf.co",,555-4321,28-02-1985,Checking,12000,2000,100000
289,"Grace	Rutherford	",grace.rutherford@tftftf.co,,555-4323,15-05-1980,Savings,10000,5000,500000
290,"Anna	Abraham	",anna.abraham@tftftf.co,,555-4321,20-08-1975,Checking,15000,3000,250000000
291,"Jason	McGrath	",jason.mcgrath@tftftf.co,,555-4321,10-11-1990,Savings,5000,0,3537000
292,"Irene	Terry	",irene.terry@tftftf.co,,555-4321,28-02-1985,Checking,12000,2000,43000000
293,"Joseph	Roberts	",joseph.roberts@tftftf.co,,555-4321,15-05-1980,Savings,10000,5000,340000000
294,"Theresa	Springer	",theresa.springer@tftftf.co,,555-4321,20-08-1975,Checking,15000,3000,50000000
295,"Phil	Harris	",phil.harris@tftftf.co,,555-4321,10-11-1990,Savings,5000,0,100000
296,"Heather	Jones","	heather.jones@tftftf.co",,555-4321,28-02-1985,Checking,12000,2000,500000
297,"Cameron	Nash","	cameron.nash@tftftf.co",,555-4321,15-05-1980,Savings,10000,5000,250000000
298,"Austin	Johnston	",austin.johnston@tftftf.co,,555-4321,20-08-1975,Checking,15000,3000,3537000
299,"Sean	Churchill	",sean.churchill@tftftf.co,,555-4321,10-11-1990,Savings,5000,0,43000000
300,"Amelia	Hamilton","	amelia.hamilton@tftftf.co",,555-4323,28-02-1985,Checking,12000,2000,340000000
301,"Brian	Poole","	brian.poole@tftftf.co",,555-4321,15-05-1980,Savings,10000,5000,50000000
302,"Jason	Hamilton	",jason.hamilton@tftftf.co,,555-4321,20-08-1975,Checking,15000,3000,100000
303,"Anthony	Jackson",anthony.jackson@tftftf.co,,555-4321,10-11-1990,Savings,5000,0,500000
304,"Natalie	Smith	",natalie.smith@tftftf.co,,555-4321,28-02-1985,Checking,12000,2000,250000000
305,"Blake	Lyman","	blake.lyman@tftftf.co",,555-4321,15-05-1980,Savings,10000,5000,3537000
306,"Colin	Bell	",colin.bell@tftftf.co,,555-4321,20-08-1975,Checking,15000,3000,43000000
307,"Samantha	Bond","	samantha.bond@tftftf.co",,555-4321,10-11-1990,Savings,5000,0,340000000
308,"Lauren	Hill","	lauren.hill@tftftf.co",,555-4321,28-02-1985,Checking,12000,2000,50000000
309,"Colin	Davidson	",colin.davidson@tftftf.co,,555-4321,15-05-1980,Savings,10000,5000,100000
310,"Jan	Cornish	",jan.cornish@tftftf.co,,555-4321,20-08-1975,Checking,15000,3000,500000
311,"Ian	Fraser	",ian.fraser@tftftf.co,,555-4321,10-11-1990,Savings,5000,0,250000000
312,"Samantha	Lyman","	samantha.lyman@tftftf.co",,555-4321,28-02-1985,Checking,12000,2000,3537000
313,"Dylan	Springer	",dylan.springer@tftftf.co,,555-4323,15-05-1980,Savings,10000,5000,43000000
314,"Phil	Parr	",phil.parr@tftftf.co,,555-4321,20-08-1975,Checking,15000,3000,340000000
315,"Chloe	Mitchell	",chloe.mitchell@tftftf.co,,555-4321,10-11-1990,Savings,5000,0,50000000
316,"William	Sharp	",william.sharp@tftftf.co,,555-4321,28-02-1985,Checking,12000,2000,100000
317,"Abigail	Mills","	abigail.mills@tftftf.co",,555-4321,15-05-1980,Savings,10000,5000,500000
318,"Kevin	Parr	",kevin.parr@tftftf.co,,555-4321,20-08-1975,Checking,15000,3000,250000000
319,"Carolyn	Fraser	",carolyn.fraser@tftftf.co,,555-4321,10-11-1990,Savings,5000,0,3537000
320,"Justin	Metcalfe	",justin.metcalfe@tftftf.co,,555-4321,28-02-1985,Checking,12000,2000,43000000
321,"Joseph	Wilkins","	joseph.wilkins@tftftf.co",,555-4321,15-05-1980,Savings,10000,5000,340000000
322,"William	Hemmings","	william.hemmings@tftftf.co",,555-4321,20-08-1975,Checking,15000,3000,50000000
323,"Joan	Arnold","	joan.arnold@tftftf.co",,555-4321,10-11-1990,Savings,5000,0,100000
324,"Rose	Quinn","	rose.quinn@tftftf.co",,555-4321,28-02-1985,Checking,12000,2000,500000
325,"Christian	Springer","	christian.springer@tftftf.co",,555-4321,15-05-1980,Savings,10000,5000,250000000
326,"Jonathan	Bower","	jonathan.bower@tftftf.co",,555-4323,20-08-1975,Checking,15000,3000,3537000
327,"Elizabeth	Nash	",elizabeth.nash@tftftf.co,,555-4321,10-11-1990,Savings,5000,0,43000000
328,"Stephanie	Grant","	stephanie.grant@tftftf.co",,555-4321,28-02-1985,Checking,12000,2000,340000000
329,"Pippa	Hart	",pippa.hart@tftftf.co,,555-4321,15-05-1980,Savings,10000,5000,50000000
330,"Max	White","	max.white@tftftf.co",,555-4321,20-08-1975,Checking,15000,3000,100000
331,"Sarah	Terry	",sarah.terry@tftftf.co,,555-4321,10-11-1990,Savings,5000,0,500000
332,"Trevor	Coleman","	trevor.coleman@tftftf.co",,555-4321,28-02-1985,Checking,12000,2000,250000000
333,"Frank	Clarkson	",frank.clarkson@tftftf.co,,555-4321,15-05-1980,Savings,10000,5000,3537000
334,"Warren	Poole	",warren.poole@tftftf.co,,555-4323,20-08-1975,Checking,15000,3000,43000000
335,"Dominic	Dyer","	dominic.dyer@tftftf.co",,555-4321,10-11-1990,Savings,5000,0,340000000
336,"Colin	MacDonald","	colin.macdonald@tftftf.co",,555-4321,28-02-1985,Checking,12000,2000,50000000
337,"Ruth	Abraham	",ruth.abraham@tftftf.co,,555-4321,15-05-1980,Savings,10000,5000,100000
338,"Pippa	Glover	",pippa.glover@tftftf.co,,555-4321,20-08-1975,Checking,15000,3000,500000
339,"Adrian	Simpson","	adrian.simpson@tftftf.co",,555-4321,10-11-1990,Savings,5000,0,250000000
340,"Evan	Piper	",evan.piper@tftftf.co,,555-4323,28-02-1985,Checking,12000,2000,3537000
341,"Gabrielle	Ross","	gabrielle.ross@tftftf.co",,555-4321,15-05-1980,Savings,10000,5000,43000000
342,"Sonia	Hardacre","	sonia.hardacre@tftftf.co",,555-4321,20-08-1975,Checking,15000,3000,340000000
343,"Jacob	Ogden	",jacob.ogden@tftftf.co,,555-4321,10-11-1990,Savings,5000,0,50000000
344,"Oliver	Gibson	",oliver.gibson@tftftf.co,,555-4321,28-02-1985,Checking,12000,2000,100000
345,"Faith	Abraham	",faith.abraham@tftftf.co,,555-4321,15-05-1980,Savings,10000,5000,500000
346,"Ella	Dowd	",ella.dowd@tftftf.co,,555-4321,20-08-1975,Checking,15000,3000,250000000
347,"Lisa	Arnold	",lisa.arnold@tftftf.co,,555-4321,10-11-1990,Savings,5000,0,3537000
348,"Charles	Mackenzie	",charles.mackenzie@tftftf.co,,555-4321,28-02-1985,Checking,12000,2000,43000000
349,"Fiona	Poole	",fiona.poole@tftftf.co,,555-4321,15-05-1980,Savings,10000,5000,340000000
350,"Jonathan	Peters	",jonathan.peters@tftftf.co,,555-4321,20-08-1975,Checking,15000,3000,50000000
351,"Rachel	Edmunds","	rachel.edmunds@tftftf.co",,555-4323,10-11-1990,Savings,5000,0,100000
352,"Alan	Avery	",alan.avery@tftftf.co,,555-4321,28-02-1985,Checking,12000,2000,500000
353,"Elizabeth	Hamilton	",elizabeth.hamilton@tftftf.co,,555-4321,15-05-1980,Savings,10000,5000,250000000
354,"Joan	Manning	",joan.manning@tftftf.co,,555-4321,20-08-1975,Checking,15000,3000,3537000
355,"Gavin	Vaughan	",gavin.vaughan@tftftf.co,,555-4321,10-11-1990,Savings,5000,0,43000000
356,"Eric	Thomson	",eric.thomson@tftftf.co,,555-4321,28-02-1985,Checking,12000,2000,340000000
357,"Hannah	Hodges	",hannah.hodges@tftftf.co,,555-4321,15-05-1980,Savings,10000,5000,50000000
358,"Sue	Abraham	",sue.abraham@tftftf.co,,555-4323,20-08-1975,Checking,15000,3000,100000
359,"Joan	McDonald	",joan.mcdonald@tftftf.co,,555-4321,10-11-1990,Savings,5000,0,500000
360,"Alexandra	Sharp	",alexandra.sharp@tftftf.co,,555-4321,28-02-1985,Checking,12000,2000,250000000
361,"Brandon	Hemmings	",brandon.hemmings@tftftf.co,,555-4321,15-05-1980,Savings,10000,5000,3537000
362,"Ian	Campbell","	ian.campbell@tftftf.co",,555-4321,20-08-1975,Checking,15000,3000,43000000
363,"Piers	",piers.pullman@tftftf.co,,555-4321,10-11-1990,Savings,5000,0,340000000
364,"David	Lyman	",david.lyman@tftftf.co,,555-4321,28-02-1985,Checking,12000,2000,50000000
365,"Christian	Parr	",christian.parr@tftftf.co,,555-4321,15-05-1980,Savings,10000,5000,100000
366,"Jason	Abraham","	jason.abraham@tftftf.co",,555-4321,20-08-1975,Checking,15000,3000,500000
367,"Mary	Russell	",mary.russell@tftftf.co,,555-4321,10-11-1990,Savings,5000,0,250000000
368,"Matt	","Burgess	matt.burgess@tftftf.co",,555-4321,28-02-1985,Checking,12000,2000,3537000
369,"Richard	Walker","	richard.walker@tftftf.co",,555-4321,15-05-1980,Savings,10000,5000,43000000
370,"Dominic	Kerr	",dominic.kerr@tftftf.co,,555-4321,20-08-1975,Checking,15000,3000,340000000
371,"Keith	Piper	",keith.piper@tftftf.co,,555-4321,10-11-1990,Savings,5000,0,50000000
372,"Sally	Dickens","	sally.dickens@tftftf.co",,555-4321,28-02-1985,Checking,12000,2000,100000
373,"Connor	Harris	",connor.harris@tftftf.co,,555-4321,15-05-1980,Savings,10000,5000,500000
374,"Wendy	White","	wendy.white@tftftf.co",,555-4321,20-08-1975,Checking,15000,3000,250000000
375,"Stephen	Dowd","	stephen.dowd@tftftf.co",,555-4321,10-11-1990,Savings,5000,0,3537000
376,"Eric	Newman	",eric.newman@tftftf.co,,555-4323,28-02-1985,Checking,12000,2000,43000000
377,"Nathan	Lambert","	nathan.lambert@tftftf.co",,555-4321,15-05-1980,Savings,10000,5000,340000000
378,"Bernadette	Wallace","	bernadette.wallace@tftftf.co",,555-4321,20-08-1975,Checking,15000,3000,50000000
379,"Michael	Ball",michael.ball@tftftf.co,,555-4321,10-11-1990,Savings,5000,0,100000
380,"Ruth	Vance","	ruth.vance@tftftf.co",,555-4323,28-02-1985,Checking,12000,2000,500000
381,"Christopher	Fraser",christopher.fraser@tftftf.co,,555-4321,15-05-1980,Savings,10000,5000,250000000
382,"Lucas	Young",lucas.young@tftftf.co,,555-4321,20-08-1975,Checking,15000,3000,3537000
383,"Vanessa	Quinn",vanessa.quinn@tftftf.co,,555-4321,10-11-1990,Savings,5000,0,43000000
384,"Dorothy	Ross	",dorothy.ross@tftftf.co,,555-4321,28-02-1985,Checking,12000,2000,340000000
385,"Blake	Grant	",blake.grant@tftftf.co,,555-4321,15-05-1980,Savings,10000,5000,50000000
386,"Eric	Piper	",eric.piper@tftftf.co,,555-4323,20-08-1975,Checking,15000,3000,100000
387,"Victoria	Greene	",victoria.greene@tftftf.co,,555-4321,10-11-1990,Savings,5000,0,500000
388,"Phil	Welch	",phil.welch@tftftf.co,,555-4321,28-02-1985,Checking,12000,2000,250000000
389,"Jessica	Cornish	",jessica.cornish@tftftf.co,,555-4321,15-05-1980,Savings,10000,5000,3537000
390,"Madeleine	MacLeod	",madeleine.macleod@tftftf.co,,555-4323,20-08-1975,Checking,15000,3000,43000000
391,"Alan	Langdon	",alan.langdon@tftftf.co,,555-4321,10-11-1990,Savings,5000,0,340000000
392,"Charles	Davies	",charles.davies@tftftf.co,,555-4321,28-02-1985,Checking,12000,2000,50000000
393,"Tracey	Hodges	",tracey.hodges@tftftf.co,,555-4321,15-05-1980,Savings,10000,5000,100000
394,"Richard	Thomson	",richard.thomson@tftftf.co,,555-4321,20-08-1975,Checking,15000,3000,500000
395,"Jessica	Walker	",jessica.walker@tftftf.co,,555-4321,10-11-1990,Savings,5000,0,250000000
396,"Ian	Mitchell","	ian.mitchell@tftftf.co",,555-4321,28-02-1985,Checking,12000,2000,3537000
397,"Madeleine	Berry	",madeleine.berry@tftftf.co,,555-4321,15-05-1980,Savings,10000,5000,43000000
398,"Owen	Roberts	",owen.roberts@tftftf.co,,555-4321,20-08-1975,Checking,15000,3000,340000000
399,"Lillian	Blake	",lillian.blake@tftftf.co,,555-4321,10-11-1990,Savings,5000,0,50000000
400,"Lily	Clarkson	",lily.clarkson@tftftf.co,,555-4323,28-02-1985,Checking,12000,2000,100000
401,"Phil	McGrath	",phil.mcgrath@tftftf.co,,555-4321,15-05-1980,Savings,10000,5000,500000
402,"Victoria	Dyer	",victoria.dyer@tftftf.co,,555-4321,20-08-1975,Checking,15000,3000,250000000
403,"David	Reid	",david.reid@tftftf.co,,555-4323,10-11-1990,Savings,5000,0,3537000
404,"Victor	McGrath	",victor.mcgrath@tftftf.co,,555-4321,28-02-1985,Checking,12000,2000,43000000
405,"Virginia	Ogden	",virginia.ogden@tftftf.co,,555-4321,15-05-1980,Savings,10000,5000,340000000
406,"Olivia	Henderson	",olivia.henderson@tftftf.co,,555-4323,20-08-1975,Checking,15000,3000,50000000
407,"Julian	King	",julian.king@tftftf.co,,555-4321,10-11-1990,Savings,5000,0,100000
408,"Jake	Edmunds	",jake.edmunds@tftftf.co,,555-4323,28-02-1985,Checking,12000,2000,500000
409,"Virginia	Henderson	",virginia.henderson@tftftf.co,,555-4321,15-05-1980,Savings,10000,5000,250000000
410,"Richard	MacDonald	",richard.macdonald@tftftf.co,,555-4321,20-08-1975,Checking,15000,3000,3537000
411,"Liam	Mathis	",liam.mathis@tftftf.co,,555-4321,10-11-1990,Savings,5000,0,43000000
412,"Vanessa	McGrath	",vanessa.mcgrath@tftftf.co,,555-4323,28-02-1985,Checking,12000,2000,340000000
413,"Vanessa	Walker	",vanessa.walker@tftftf.co,,555-4321,15-05-1980,Savings,10000,5000,50000000
414,"Stephanie	Ogden	",stephanie.ogden@tftftf.co,,555-4321,20-08-1975,Checking,15000,3000,100000
415,"Stewart	Ball	",stewart.ball@tftftf.co,,555-4321,10-11-1990,Savings,5000,0,500000
416,"Justin	Morgan",justin.morgan@tftftf.co,,555-4321,28-02-1985,Checking,12000,2000,250000000
417,"Kevin	Chapman	",kevin.chapman@tftftf.co,,555-4321,15-05-1980,Savings,10000,5000,3537000
418,"Olivia	Burgess","	olivia.burgess@tftftf.co",,555-4323,20-08-1975,Checking,15000,3000,43000000
419,"Maria	Ince	",maria.ince@tftftf.co,,555-4321,10-11-1990,Savings,5000,0,340000000
420,"Gordon	Powell	",gordon.powell@tftftf.co,,555-4321,28-02-1985,Checking,12000,2000,50000000
421,"Peter	Paterson	",peter.paterson@tftftf.co,,555-4323,15-05-1980,Savings,10000,5000,570000
422,"Jake	Jones	",jake.jones@tftftf.co,,555-4321,20-08-1975,Checking,15000,3000,670000
423,"Eric	Marshall	",eric.marshall@tftftf.co,,555-4321,10-11-1990,Savings,5000,0,900000
424,"Bella	Powell	",bella.powell@tftftf.co,,555-4321,28-02-1985,Checking,12000,2000,100000
425,"David	Walker	",david.walker@tftftf.co,,555-4321,15-05-1980,Savings,10000,5000,500000
426,"Sean	Manning	",sean.manning@tftftf.co,,555-4321,20-08-1975,Checking,15000,3000,250000000
427,"Ruth	Harris	",ruth.harris@tftftf.co,,555-4323,10-11-1990,Savings,5000,0,3537000
428,"Karen	Cameron	",karen.cameron@tftftf.co,,555-4321,28-02-1985,Checking,12000,2000,43000000
429,"Sam	Walsh	",sam.walsh@tftftf.co,,555-4321,15-05-1980,Savings,10000,5000,340000000
430,"Dominic	Duncan	",dominic.duncan@tftftf.co,,555-4323,20-08-1975,Checking,15000,3000,50000000
431,"Irene	Churchill	",irene.churchill@tftftf.co,,555-4321,10-11-1990,Savings,5000,0,100000
432,"Nathan	Ross	",nathan.ross@tftftf.co,,555-4321,28-02-1985,Checking,12000,2000,500000
433,"Rebecca	Walker	",rebecca.walker@tftftf.co,,555-4323,15-05-1980,Savings,10000,5000,250000000
434,"Rachel	Springer	",rachel.springer@tftftf.co,,555-4321,20-08-1975,Checking,15000,3000,3537000
435,"Evan	Randall	",evan.randall@tftftf.co,,555-4321,10-11-1990,Savings,5000,0,43000000
436,"Joseph	Metcalfe	",joseph.metcalfe@tftftf.co,,555-4321,28-02-1985,Checking,12000,2000,340000000
437,"Thomas	Welch	",thomas.welch@tftftf.co,,555-4321,15-05-1980,Savings,10000,5000,50000000
438,"Frank	Kelly	",frank.kelly@tftftf.co,,555-4321,20-08-1975,Checking,15000,3000,100000
439,"Steven	Newman	",steven.newman@tftftf.co,,555-4321,10-11-1990,Savings,5000,0,500000
440,"Tracey	Walker	",tracey.walker@tftftf.co,,555-4321,28-02-1985,Checking,12000,2000,250000000
441,"Warren	Vance	",warren.vance@tftftf.co,,555-4323,15-05-1980,Savings,10000,5000,3537000
442,"Wendy	Chapman	",wendy.chapman@tftftf.co,,555-4321,20-08-1975,Checking,15000,3000,43000000
443,"Sally	Parr	",sally.parr@tftftf.co,,555-4321,10-11-1990,Savings,5000,0,340000000
444,"Jasmine	Terry	",jasmine.terry@tftftf.co,,555-4321,28-02-1985,Checking,12000,2000,50000000
445,"Dominic	Manning	",dominic.manning@tftftf.co,,555-4321,15-05-1980,Savings,10000,5000,100000
446,"Brandon	Underwood	",brandon.underwood@tftftf.co,,555-4321,20-08-1975,Checking,15000,3000,500000
447,"Felicity	Rees	",felicity.rees@tftftf.co,,555-4321,10-11-1990,Savings,5000,0,250000000
448,"Benjamin	Arnold	",benjamin.arnold@tftftf.co,,555-4321,28-02-1985,Checking,12000,2000,3537000
449,"Sam	McGrath	",sam.mcgrath@tftftf.co,,555-4321,15-05-1980,Savings,10000,5000,43000000
450,"Max	Slater	",max.slater@tftftf.co,,555-4321,20-08-1975,Checking,15000,3000,340000000
451,"Julian	MacLeod	",julian.macleod@tftftf.co,,555-4321,10-11-1990,Savings,5000,0,50000000
452,"Leonard	Oliver	",leonard.oliver@tftftf.co,,555-4321,28-02-1985,Checking,12000,2000,100000
453,"Eric	Hardacre	",eric.hardacre@tftftf.co,,555-4323,15-05-1980,Savings,10000,5000,500000
454,"Pippa	Morrison	",pippa.morrison@tftftf.co,,555-4321,20-08-1975,Checking,15000,3000,250000000
455,"David	Hamilton	",david.hamilton@tftftf.co,,555-4321,10-11-1990,Savings,5000,0,3537000
456,"Dominic	Edmunds	",dominic.edmunds@tftftf.co,,555-4321,28-02-1985,Checking,12000,2000,43000000
457,"Audrey	Butler	",audrey.butler@tftftf.co,,555-4321,15-05-1980,Savings,10000,5000,340000000
458,"Ian	Walker	",ian.walker@tftftf.co,,555-4321,20-08-1975,Checking,15000,3000,50000000
459,"Jack	Lewis	",jack.lewis@tftftf.co,,555-4321,10-11-1990,Savings,5000,0,100000
460,"Alison	Alsop	",alison.alsop@tftftf.co,,555-4321,28-02-1985,Checking,12000,2000,500000
461,"Una	Ellison	",una.ellison@tftftf.co,,555-4321,15-05-1980,Savings,10000,5000,250000000
462,"William	Johnston	",william.johnston@tftftf.co,,555-4321,20-08-1975,Checking,15000,3000,3537000
463,"Leonard	Sharp	",leonard.sharp@tftftf.co,,555-4321,10-11-1990,Savings,5000,0,43000000
464,"Jonathan	Arnold	",jonathan.arnold@tftftf.co,,555-4321,28-02-1985,Checking,12000,2000,340000000
465,"Christian	Welch	",christian.welch@tftftf.co,,555-4321,15-05-1980,Savings,10000,5000,50000000
466,"Bernadette	Metcalfe	",bernadette.metcalfe@tftftf.co,,555-4321,20-08-1975,Checking,15000,3000,100000
467,"Ruth	Graham	",ruth.graham@tftftf.co,,555-4323,10-11-1990,Savings,5000,0,500000
468,"Maria	Cornish	",maria.cornish@tftftf.co,,555-4321,28-02-1985,Checking,12000,2000,250000000
469,"Dylan	Alsop	",dylan.alsop@tftftf.co,,555-4321,15-05-1980,Savings,10000,5000,3537000
470,"Stephanie	Clark	",stephanie.clark@tftftf.co,,555-4321,20-08-1975,Checking,15000,3000,43000000
471,"Julia	Ball	",julia.ball@tftftf.co,,555-4321,10-11-1990,Savings,5000,0,340000000
472,"Frank	Quinn	",frank.quinn@tftftf.co,,555-4321,28-02-1985,Checking,12000,2000,50000000
473,"Jessica	Buckland	",jessica.buckland@tftftf.co,,555-4321,15-05-1980,Savings,10000,5000,100000
474,"Piers	Paige	",piers.paige@tftftf.co,,555-4321,20-08-1975,Checking,15000,3000,500000
475,"William	Oliver	",william.oliver@tftftf.co,,555-4321,10-11-1990,Savings,5000,0,250000000
476,"Katherine	Walsh	",katherine.walsh@tftftf.co,,555-4321,28-02-1985,Checking,12000,2000,3537000
477,"James	Short	",james.short@tftftf.co,,555-4321,15-05-1980,Savings,10000,5000,43000000
478,"Leah	Sanderson	",leah.sanderson@tftftf.co,,555-4323,20-08-1975,Checking,15000,3000,340000000
479,"Zoe	Burgess	",zoe.burgess@tftftf.co,,555-4321,10-11-1990,Savings,5000,0,50000000
480,"Carl	Wilkins	",carl.wilkins@tftftf.co,,555-4321,28-02-1985,Checking,12000,2000,100000
481,"Ryan	McDonald	",ryan.mcdonald@tftftf.co,,555-4321,15-05-1980,Savings,10000,5000,500000
482,"Sarah	Randall	",sarah.randall@tftftf.co,,555-4321,20-08-1975,Checking,15000,3000,250000000
483,"Frank	Morgan	",frank.morgan@tftftf.co,,555-4321,10-11-1990,Savings,5000,0,3537000
484,"Carolyn	Robertson	",carolyn.robertson@tftftf.co,,555-4321,28-02-1985,Checking,12000,2000,43000000
485,"Joan	Bell	",joan.bell@tftftf.co,,555-4321,15-05-1980,Savings,10000,5000,340000000
486,"Dylan	Newman	",dylan.newman@tftftf.co,,555-4321,20-08-1975,Checking,15000,3000,50000000
487,"Brian	Morgan	",brian.morgan@tftftf.co,,555-4321,10-11-1990,Savings,5000,0,100000
488,"Nicola	Robertson	",nicola.robertson@tftftf.co,,555-4321,28-02-1985,Checking,12000,2000,500000
489,"Robert	Mills	",robert.mills@tftftf.co,,555-4323,15-05-1980,Savings,10000,5000,250000000
490,"Luke	Scott	",luke.scott@tftftf.co,,555-4321,20-08-1975,Checking,15000,3000,3537000
491,"Andrew	Avery	",andrew.avery@tftftf.co,,555-4321,10-11-1990,Savings,5000,0,43000000
492,"Warren	Langdon	",warren.langdon@tftftf.co,,555-4321,28-02-1985,Checking,12000,2000,340000000
493,"Blake	May	",blake.may@tftftf.co,,555-4321,15-05-1980,Savings,10000,5000,50000000
494,"Warren	Ogden	",warren.ogden@tftftf.co,,555-4321,20-08-1975,Checking,15000,3000,250000000
495,"Thomas	Ferguson	",thomas.ferguson@tftftf.co,,555-4321,10-11-1990,Savings,5000,0,3537000
496,"Jan	McLean	",jan.mclean@tftftf.co,,555-4321,28-02-1985,Checking,12000,2000,43000000
497,"Dylan	Kelly	",dylan.kelly@tftftf.co,,555-4321,15-05-1980,Savings,10000,5000,340000000
498,"Oliver	Taylor	",oliver.taylor@tftftf.co,,555-4323,20-08-1975,Checking,15000,3000,50000000
499,"Adrian	Hodges	",adrian.hodges@tftftf.co,,555-4321,10-11-1990,Savings,5000,0,100000
500,"Wendy	Robertson	",wendy.robertson@tftftf.co,,555-4321,28-02-1985,Checking,12000,2000,500000
501,"Stephanie	Gray	",stephanie.gray@tftftf.co,,555-4321,15-05-1980,Savings,10000,5000,250000000
502,"Stephanie	Vaughan	",stephanie.vaughan@tftftf.co,,555-4321,20-08-1975,Checking,15000,3000,3537000
503,"Andrea	Parsons","	andrea.parsons@tftftf.co",,555-4321,10-11-1990,Savings,5000,0,43000000
504,"Joan	Nolan	",joan.nolan@tftftf.co,,555-4323,28-02-1985,Checking,12000,2000,340000000
505,"Jane	Wilkins	",jane.wilkins@tftftf.co,,555-4321,15-05-1980,Savings,10000,5000,50000000
506,"Stephen	Young	",stephen.young@tftftf.co,,555-4321,20-08-1975,Checking,15000,3000,100000
507,"Rebecca	Clarkson	",rebecca.clarkson@tftftf.co,,555-4321,10-11-1990,Savings,5000,0,500000
508,"Joanne	Dyer	",joanne.dyer@tftftf.co,,555-4321,28-02-1985,Checking,12000,2000,250000000
509,"Vanessa	Fraser	",vanessa.fraser@tftftf.co,,555-4321,15-05-1980,Savings,10000,5000,3537000
510,"Boris	Sutherland	",boris.sutherland@tftftf.co,,555-4321,20-08-1975,Checking,15000,3000,43000000
511,"Liam	Carr	",liam.carr@tftftf.co,,555-4321,10-11-1990,Savings,5000,0,340000000
512,"Leah	Rampling	",leah.rampling@tftftf.co,,555-4321,28-02-1985,Checking,12000,2000,50000000
513,"Natalie	Parsons","	natalie.parsons@tftftf.co",,555-4323,15-05-1980,Savings,10000,5000,100000
514,"Jennifer	Short	",jennifer.short@tftftf.co,,555-4321,20-08-1975,Checking,15000,3000,500000
515,"Jacob	Carr	",jacob.carr@tftftf.co,,555-4321,10-11-1990,Savings,5000,0,250000000
516,"Jennifer	Parsons","	jennifer.parsons@tftftf.co",,555-4323,28-02-1985,Checking,12000,2000,3537000
517,"Molly	Ferguson	",molly.ferguson@tftftf.co,,555-4321,15-05-1980,Savings,10000,5000,43000000
518,"Brian	Allan	",brian.allan@tftftf.co,,555-4321,20-08-1975,Checking,15000,3000,340000000
519,"Leonard	Mackay	",leonard.mackay@tftftf.co,,555-4321,10-11-1990,Savings,5000,0,50000000
520,"Heather	Hemmings	",heather.hemmings@tftftf.co,,555-4321,28-02-1985,Checking,12000,2000,100000
521,"Megan	Paige	",megan.paige@tftftf.co,,555-4321,15-05-1980,Savings,10000,5000,500000
522,"Michelle	Campbell	",michelle.campbell@tftftf.co,,555-4323,20-08-1975,Checking,15000,3000,250000000
523,"Jennifer	Gill	",jennifer.gill@tftftf.co,,555-4321,10-11-1990,Savings,5000,0,3537000
524,"Sally	Oliver	",sally.oliver@tftftf.co,,555-4321,28-02-1985,Checking,12000,2000,43000000
525,"Owen	Taylor	",owen.taylor@tftftf.co,,555-4323,15-05-1980,Savings,10000,5000,340000000
526,"Anne	Kelly	",anne.kelly@tftftf.co,,555-4321,20-08-1975,Checking,15000,3000,50000000
527,"William	Gill	",william.gill@tftftf.co,,555-4321,10-11-1990,Savings,5000,0,100000
528,"Andrew	Edmunds	",andrew.edmunds@tftftf.co,,555-4323,28-02-1985,Checking,12000,2000,500000
529,"Dominic	Reid	",dominic.reid@tftftf.co,,555-4321,15-05-1980,Savings,10000,5000,250000000
530,"Joseph	Reid	",joseph.reid@tftftf.co,,555-4321,20-08-1975,Checking,15000,3000,3537000
531,"Nicola	Lawrence	",nicola.lawrence@tftftf.co,,555-4321,10-11-1990,Savings,5000,0,43000000
532,"Mary	Nash	",mary.nash@tftftf.co,,555-4323,28-02-1985,Checking,12000,2000,340000000
533,"Sonia	Bower	",sonia.bower@tftftf.co,,555-4321,15-05-1980,Savings,10000,5000,50000000
534,"Nicola	Bower	",nicola.bower@tftftf.co,,555-4321,20-08-1975,Checking,15000,3000,250000000
535,"Sebastian	Morgan	",sebastian.morgan@tftftf.co,,555-4323,10-11-1990,Savings,5000,0,3537000
536,"Joseph	Underwood	",joseph.underwood@tftftf.co,,555-4321,28-02-1985,Checking,12000,2000,43000000
537,"Julia	Simpson	",julia.simpson@tftftf.co,,555-4321,15-05-1980,Savings,10000,5000,340000000
538,"Diane	Cameron	",diane.cameron@tftftf.co,,555-4321,20-08-1975,Checking,15000,3000,50000000
539,"Sam	Allan	",sam.allan@tftftf.co,,555-4322,10-11-1990,Savings,5000,0,100000
540,"Nicola	MacDonald	",nicola.macdonald@tftftf.co,,555-4321,28-02-1985,Checking,12000,2000,500000
541,"James	McDonald	",james.mcdonald@tftftf.co,,555-4321,15-05-1980,Savings,10000,5000,250000000
542,"Luke	Forsyth	",luke.forsyth@tftftf.co,,555-4323,20-08-1975,Checking,15000,3000,3537000
543,"Sophie	Roberts	",sophie.roberts@tftftf.co,,555-4321,10-11-1990,Savings,5000,0,43000000
544,"Carol	Buckland	",carol.buckland@tftftf.co,,555-4321,28-02-1985,Checking,12000,2000,340000000
545,"Olivia	Ferguson	",olivia.ferguson@tftftf.co,,555-4321,15-05-1980,Savings,10000,5000,50000000
546,"Simon	Piper	",simon.piper@tftftf.co,,555-4321,20-08-1975,Checking,15000,3000,100000
547,"Sarah	Ball	",sarah.ball@tftftf.co,,555-4321,10-11-1990,Savings,5000,0,500000
548,"Tracey	Chapman	",tracey.chapman@tftftf.co,,555-4321,28-02-1985,Checking,12000,2000,250000000
549,"Elizabeth	Dickens","	elizabeth.dickens@tftftf.co",,555-4322,15-05-1980,Savings,10000,5000,3537000
550,"Blake	Allan	",blake.allan@tftftf.co,,555-4321,20-08-1975,Checking,15000,3000,43000000
551,"Megan	Piper	",megan.piper@tftftf.co,,555-4321,10-11-1990,Savings,5000,0,340000000
552,"Dorothy	Duncan	",dorothy.duncan@tftftf.co,,555-4321,28-02-1985,Checking,12000,2000,50000000
553,"Elizabeth	Hudson	",elizabeth.hudson@tftftf.co,,555-4321,15-05-1980,Savings,10000,5000,100000
554,"Nathan	Mitchell	",nathan.mitchell@tftftf.co,,555-4322,20-08-1975,Checking,15000,3000,500000
555,"Julia	Clarkson	",julia.clarkson@tftftf.co,,555-4321,10-11-1990,Savings,5000,0,250000000
556,"Oliver	Tucker	",oliver.tucker@tftftf.co,,555-4321,28-02-1985,Checking,12000,2000,3537000
557,"Nathan	Rampling	",nathan.rampling@tftftf.co,,555-4321,15-05-1980,Savings,10000,5000,43000000
558,"Frank	Ross	",frank.ross@tftftf.co,,555-4322,20-08-1975,Checking,15000,3000,340000000
559,"Lauren	Mackay	",lauren.mackay@tftftf.co,,555-4321,10-11-1990,Savings,5000,0,50000000
560,"Joanne	Smith	",joanne.smith@tftftf.co,,555-4321,28-02-1985,Checking,12000,2000,100000
561,"Warren	Carr	",warren.carr@tftftf.co,,555-4321,15-05-1980,Savings,10000,5000,500000
562,"Olivia	Vaughan	",olivia.vaughan@tftftf.co,,555-4321,20-08-1975,Checking,15000,3000,250000000
563,"Yvonne	Scott	",yvonne.scott@tftftf.co,,555-4321,10-11-1990,Savings,5000,0,3537000
564,"Sam	Bailey	",sam.bailey@tftftf.co,,555-4321,28-02-1985,Checking,12000,2000,43000000
565,"Donna	Churchill	",donna.churchill@tftftf.co,,555-4322,15-05-1980,Savings,10000,5000,340000000
,,,,,,,,,
,,,,,,,,,
,,,,,,,,,
,,,,,,,,,
,,,,,,,,,
,,,,,,,,,
,,,,,,,,,
,,,,,,,,,
,,,,,,,,,
,,,,,,,,,
,,,,,,,,,
